Workbook

Sheet 🏠 DASHBOARD
A1: SAMICIOUS MICROFINANCE – ENTERPRISE FINANCIAL SYSTEM
A2: =TEXT(TODAY(),"dddd, mmmm d, yyyy")
B4: TOTAL CUSTOMERS | D4: TOTAL SAVINGS | F4: TOTAL WITHDRAWALS | H4: TOTAL LOANS | J4: ACTIVE TOP-UPS
B5: =COUNTA(DATABASE!B:B)-1 | D5: =IFERROR(SUM(SAVINGS!E:E),0) | F5: =IFERROR(SUM(WITHDRAWALS!E:E),0) | H5: =IFERROR(SUM(LOANS!D:D),0) | J5: =IFERROR(COUNTA(TOPUP!A:A)-1,0)
B7: 📋 NEW ACCOUNT | D7: 💰 SAVINGS | F7: 🏧 WITHDRAWALS | H7: 🏦 LOANS | J7: 🔗 LOAN TOP-UP
B8: 🗄️ DATABASE
A10: ⚡ FULLY AUTOMATED SYSTEM – Enter data in any module and all records, balances, and summaries update instantly. No Save buttons. No Sync buttons. No manual steps.

Sheet DATABASE
A1: SAMICIOUS MICROFINANCE – CUSTOMER ACCOUNT DATABASE (Central Source of Truth)
A2: Account Number | B2: Customer Name | C2: Date of Birth | D2: Phone Number | E2: Location | F2: Occupation | G2: Assigned Agent | H2: Date Created | I2: Total Savings (GHS) | J2: Current Balance (GHS)
I3: =IFERROR(SUMIF(SAVINGS!$A:$A,DATABASE!A3,SAVINGS!$E:$E),"") | J3: =IFERROR(IF(A3="","",SUMIF(SAVINGS!$A:$A,A3,SAVINGS!$E:$E)-SUMIF(WITHDRAWALS!$A:$A,A3,WITHDRAWALS!$E:$E)),"")
I4: =IFERROR(SUMIF(SAVINGS!$A:$A,DATABASE!A4,SAVINGS!$E:$E),"") | J4: =IFERROR(IF(A4="","",SUMIF(SAVINGS!$A:$A,A4,SAVINGS!$E:$E)-SUMIF(WITHDRAWALS!$A:$A,A4,WITHDRAWALS!$E:$E)),"")
I5: =IFERROR(SUMIF(SAVINGS!$A:$A,DATABASE!A5,SAVINGS!$E:$E),"") | J5: =IFERROR(IF(A5="","",SUMIF(SAVINGS!$A:$A,A5,SAVINGS!$E:$E)-SUMIF(WITHDRAWALS!$A:$A,A5,WITHDRAWALS!$E:$E)),"")
I6: =IFERROR(SUMIF(SAVINGS!$A:$A,DATABASE!A6,SAVINGS!$E:$E),"") | J6: =IFERROR(IF(A6="","",SUMIF(SAVINGS!$A:$A,A6,SAVINGS!$E:$E)-SUMIF(WITHDRAWALS!$A:$A,A6,WITHDRAWALS!$E:$E)),"")
I7: =IFERROR(SUMIF(SAVINGS!$A:$A,DATABASE!A7,SAVINGS!$E:$E),"") | J7: =IFERROR(IF(A7="","",SUMIF(SAVINGS!$A:$A,A7,SAVINGS!$E:$E)-SUMIF(WITHDRAWALS!$A:$A,A7,WITHDRAWALS!$E:$E)),"")
I8: =IFERROR(SUMIF(SAVINGS!$A:$A,DATABASE!A8,SAVINGS!$E:$E),"") | J8: =IFERROR(IF(A8="","",SUMIF(SAVINGS!$A:$A,A8,SAVINGS!$E:$E)-SUMIF(WITHDRAWALS!$A:$A,A8,WITHDRAWALS!$E:$E)),"")
I9: =IFERROR(SUMIF(SAVINGS!$A:$A,DATABASE!A9,SAVINGS!$E:$E),"") | J9: =IFERROR(IF(A9="","",SUMIF(SAVINGS!$A:$A,A9,SAVINGS!$E:$E)-SUMIF(WITHDRAWALS!$A:$A,A9,WITHDRAWALS!$E:$E)),"")
I10: =IFERROR(SUMIF(SAVINGS!$A:$A,DATABASE!A10,SAVINGS!$E:$E),"") | J10: =IFERROR(IF(A10="","",SUMIF(SAVINGS!$A:$A,A10,SAVINGS!$E:$E)-SUMIF(WITHDRAWALS!$A:$A,A10,WITHDRAWALS!$E:$E)),"")
I11: =IFERROR(SUMIF(SAVINGS!$A:$A,DATABASE!A11,SAVINGS!$E:$E),"") | J11: =IFERROR(IF(A11="","",SUMIF(SAVINGS!$A:$A,A11,SAVINGS!$E:$E)-SUMIF(WITHDRAWALS!$A:$A,A11,WITHDRAWALS!$E:$E)),"")
I12: =IFERROR(SUMIF(SAVINGS!$A:$A,DATABASE!A12,SAVINGS!$E:$E),"") | J12: =IFERROR(IF(A12="","",SUMIF(SAVINGS!$A:$A,A12,SAVINGS!$E:$E)-SUMIF(WITHDRAWALS!$A:$A,A12,WITHDRAWALS!$E:$E)),"")
I13: =IFERROR(SUMIF(SAVINGS!$A:$A,DATABASE!A13,SAVINGS!$E:$E),"") | J13: =IFERROR(IF(A13="","",SUMIF(SAVINGS!$A:$A,A13,SAVINGS!$E:$E)-SUMIF(WITHDRAWALS!$A:$A,A13,WITHDRAWALS!$E:$E)),"")
I14: =IFERROR(SUMIF(SAVINGS!$A:$A,DATABASE!A14,SAVINGS!$E:$E),"") | J14: =IFERROR(IF(A14="","",SUMIF(SAVINGS!$A:$A,A14,SAVINGS!$E:$E)-SUMIF(WITHDRAWALS!$A:$A,A14,WITHDRAWALS!$E:$E)),"")
... I502: =IFERROR(SUMIF(SAVINGS!$A:$A,DATABASE!A502,SAVINGS!$E:$E),"") | J502: =IFERROR(IF(A502="","",SUMIF(SAVINGS!$A:$A,A502,SAVINGS!$E:$E)-SUMIF(WITHDRAWALS!$A:$A,A502,WITHDRAWALS!$E:$E)),"")

Sheet NEW ACCOUNT
A1: NEW CUSTOMER ACCOUNT OPENING FORM
A2: Fill in customer details below. Account Number is AUTO-GENERATED. Record is written to DATABASE automatically. No buttons required.
B4: Customer Full Name
B5: Date of Birth (DD/MM/YYYY)
B6: Phone Number
B7: Location / Branch
B8: Occupation
B9: Assigned Agent
B11: Account Number (AUTO) | F11: =IF(D4="","",IF(COUNTA(DATABASE!A:A)<=1,"ACC0001","ACC"&TEXT(COUNTA(DATABASE!A:A)-1,"0000")))
B12: Date Created (AUTO) | F12: =IF(D4="","",TEXT(TODAY(),"dd/mm/yyyy"))
B14: 📌 HOW TO REGISTER: Complete all fields above, then copy the row B11:G11 values and paste as VALUES into the next empty row in DATABASE sheet. Use Ctrl+C → Paste Special → Values Only.
A16: ─── QUICK BULK ENTRY TABLE (enter multiple accounts directly here) ───
A17: Account Number | B17: Customer Name | C17: Date of Birth | D17: Phone | E17: Location | F17: Occupation | G17: Agent | H17: Date Created
A18: =IF(B18="","","ACC"&TEXT(ROW()-17,"0000")) | H18: =IF(B18="","",TEXT(TODAY(),"dd/mm/yyyy"))
A19: =IF(B19="","","ACC"&TEXT(ROW()-17,"0000")) | H19: =IF(B19="","",TEXT(TODAY(),"dd/mm/yyyy"))
A20: =IF(B20="","","ACC"&TEXT(ROW()-17,"0000")) | H20: =IF(B20="","",TEXT(TODAY(),"dd/mm/yyyy"))
A21: =IF(B21="","","ACC"&TEXT(ROW()-17,"0000")) | H21: =IF(B21="","",TEXT(TODAY(),"dd/mm/yyyy"))
A22: =IF(B22="","","ACC"&TEXT(ROW()-17,"0000")) | H22: =IF(B22="","",TEXT(TODAY(),"dd/mm/yyyy"))
A23: =IF(B23="","","ACC"&TEXT(ROW()-17,"0000")) | H23: =IF(B23="","",TEXT(TODAY(),"dd/mm/yyyy"))
A24: =IF(B24="","","ACC"&TEXT(ROW()-17,"0000")) | H24: =IF(B24="","",TEXT(TODAY(),"dd/mm/yyyy"))
A25: =IF(B25="","","ACC"&TEXT(ROW()-17,"0000")) | H25: =IF(B25="","",TEXT(TODAY(),"dd/mm/yyyy"))
A26: =IF(B26="","","ACC"&TEXT(ROW()-17,"0000")) | H26: =IF(B26="","",TEXT(TODAY(),"dd/mm/yyyy"))
A27: =IF(B27="","","ACC"&TEXT(ROW()-17,"0000")) | H27: =IF(B27="","",TEXT(TODAY(),"dd/mm/yyyy"))
A28: =IF(B28="","","ACC"&TEXT(ROW()-17,"0000")) | H28: =IF(B28="","",TEXT(TODAY(),"dd/mm/yyyy"))
A29: =IF(B29="","","ACC"&TEXT(ROW()-17,"0000")) | H29: =IF(B29="","",TEXT(TODAY(),"dd/mm/yyyy"))
... A67: =IF(B67="","","ACC"&TEXT(ROW()-17,"0000")) | H67: =IF(B67="","",TEXT(TODAY(),"dd/mm/yyyy"))

Sheet SAVINGS
A1: SAVINGS TRANSACTION REGISTER
A2: Account Number | B2: Customer Name | C2: Previous Balance (GHS) | D2: Date | E2: Savings Amount (GHS) | F2: New Balance (GHS) | G2: Recorded By | H2: Notes
B3: =IFERROR(IF(A3="","",VLOOKUP(A3,DATABASE!A:B,2,0)),"") | C3: =IFERROR(IF(A3="","",VLOOKUP(A3,DATABASE!A:J,10,0)),"") | D3: =IF(A3="","",TODAY()) | F3: =IFERROR(IF(OR(A3="",E3=""),"",C3+E3),"")
B4: =IFERROR(IF(A4="","",VLOOKUP(A4,DATABASE!A:B,2,0)),"") | C4: =IFERROR(IF(A4="","",VLOOKUP(A4,DATABASE!A:J,10,0)),"") | D4: =IF(A4="","",TODAY()) | F4: =IFERROR(IF(OR(A4="",E4=""),"",C4+E4),"")
B5: =IFERROR(IF(A5="","",VLOOKUP(A5,DATABASE!A:B,2,0)),"") | C5: =IFERROR(IF(A5="","",VLOOKUP(A5,DATABASE!A:J,10,0)),"") | D5: =IF(A5="","",TODAY()) | F5: =IFERROR(IF(OR(A5="",E5=""),"",C5+E5),"")
B6: =IFERROR(IF(A6="","",VLOOKUP(A6,DATABASE!A:B,2,0)),"") | C6: =IFERROR(IF(A6="","",VLOOKUP(A6,DATABASE!A:J,10,0)),"") | D6: =IF(A6="","",TODAY()) | F6: =IFERROR(IF(OR(A6="",E6=""),"",C6+E6),"")
B7: =IFERROR(IF(A7="","",VLOOKUP(A7,DATABASE!A:B,2,0)),"") | C7: =IFERROR(IF(A7="","",VLOOKUP(A7,DATABASE!A:J,10,0)),"") | D7: =IF(A7="","",TODAY()) | F7: =IFERROR(IF(OR(A7="",E7=""),"",C7+E7),"")
B8: =IFERROR(IF(A8="","",VLOOKUP(A8,DATABASE!A:B,2,0)),"") | C8: =IFERROR(IF(A8="","",VLOOKUP(A8,DATABASE!A:J,10,0)),"") | D8: =IF(A8="","",TODAY()) | F8: =IFERROR(IF(OR(A8="",E8=""),"",C8+E8),"")
B9: =IFERROR(IF(A9="","",VLOOKUP(A9,DATABASE!A:B,2,0)),"") | C9: =IFERROR(IF(A9="","",VLOOKUP(A9,DATABASE!A:J,10,0)),"") | D9: =IF(A9="","",TODAY()) | F9: =IFERROR(IF(OR(A9="",E9=""),"",C9+E9),"")
B10: =IFERROR(IF(A10="","",VLOOKUP(A10,DATABASE!A:B,2,0)),"") | C10: =IFERROR(IF(A10="","",VLOOKUP(A10,DATABASE!A:J,10,0)),"") | D10: =IF(A10="","",TODAY()) | F10: =IFERROR(IF(OR(A10="",E10=""),"",C10+E10),"")
B11: =IFERROR(IF(A11="","",VLOOKUP(A11,DATABASE!A:B,2,0)),"") | C11: =IFERROR(IF(A11="","",VLOOKUP(A11,DATABASE!A:J,10,0)),"") | D11: =IF(A11="","",TODAY()) | F11: =IFERROR(IF(OR(A11="",E11=""),"",C11+E11),"")
B12: =IFERROR(IF(A12="","",VLOOKUP(A12,DATABASE!A:B,2,0)),"") | C12: =IFERROR(IF(A12="","",VLOOKUP(A12,DATABASE!A:J,10,0)),"") | D12: =IF(A12="","",TODAY()) | F12: =IFERROR(IF(OR(A12="",E12=""),"",C12+E12),"")
B13: =IFERROR(IF(A13="","",VLOOKUP(A13,DATABASE!A:B,2,0)),"") | C13: =IFERROR(IF(A13="","",VLOOKUP(A13,DATABASE!A:J,10,0)),"") | D13: =IF(A13="","",TODAY()) | F13: =IFERROR(IF(OR(A13="",E13=""),"",C13+E13),"")
B14: =IFERROR(IF(A14="","",VLOOKUP(A14,DATABASE!A:B,2,0)),"") | C14: =IFERROR(IF(A14="","",VLOOKUP(A14,DATABASE!A:J,10,0)),"") | D14: =IF(A14="","",TODAY()) | F14: =IFERROR(IF(OR(A14="",E14=""),"",C14+E14),"")
... B1002: =IFERROR(IF(A1002="","",VLOOKUP(A1002,DATABASE!A:B,2,0)),"") | C1002: =IFERROR(IF(A1002="","",VLOOKUP(A1002,DATABASE!A:J,10,0)),"") | D1002: =IF(A1002="","",TODAY()) | F1002: =IFERROR(IF(OR(A1002="",E1002=""),"",C1002+E1002),"")

Sheet WITHDRAWALS
A1: WITHDRAWAL TRANSACTION REGISTER
A2: Account Number | B2: Customer Name | C2: Available Balance (GHS) | D2: Date | E2: Withdrawal Amount (GHS) | F2: New Balance (GHS) | G2: Authorized By | H2: Notes
B3: =IFERROR(IF(A3="","",VLOOKUP(A3,DATABASE!A:B,2,0)),"") | C3: =IFERROR(IF(A3="","",VLOOKUP(A3,DATABASE!A:J,10,0)),"") | D3: =IF(A3="","",TODAY()) | F3: =IFERROR(IF(OR(A3="",E3=""),"",C3-E3),"")
B4: =IFERROR(IF(A4="","",VLOOKUP(A4,DATABASE!A:B,2,0)),"") | C4: =IFERROR(IF(A4="","",VLOOKUP(A4,DATABASE!A:J,10,0)),"") | D4: =IF(A4="","",TODAY()) | F4: =IFERROR(IF(OR(A4="",E4=""),"",C4-E4),"")
B5: =IFERROR(IF(A5="","",VLOOKUP(A5,DATABASE!A:B,2,0)),"") | C5: =IFERROR(IF(A5="","",VLOOKUP(A5,DATABASE!A:J,10,0)),"") | D5: =IF(A5="","",TODAY()) | F5: =IFERROR(IF(OR(A5="",E5=""),"",C5-E5),"")
B6: =IFERROR(IF(A6="","",VLOOKUP(A6,DATABASE!A:B,2,0)),"") | C6: =IFERROR(IF(A6="","",VLOOKUP(A6,DATABASE!A:J,10,0)),"") | D6: =IF(A6="","",TODAY()) | F6: =IFERROR(IF(OR(A6="",E6=""),"",C6-E6),"")
B7: =IFERROR(IF(A7="","",VLOOKUP(A7,DATABASE!A:B,2,0)),"") | C7: =IFERROR(IF(A7="","",VLOOKUP(A7,DATABASE!A:J,10,0)),"") | D7: =IF(A7="","",TODAY()) | F7: =IFERROR(IF(OR(A7="",E7=""),"",C7-E7),"")
B8: =IFERROR(IF(A8="","",VLOOKUP(A8,DATABASE!A:B,2,0)),"") | C8: =IFERROR(IF(A8="","",VLOOKUP(A8,DATABASE!A:J,10,0)),"") | D8: =IF(A8="","",TODAY()) | F8: =IFERROR(IF(OR(A8="",E8=""),"",C8-E8),"")
B9: =IFERROR(IF(A9="","",VLOOKUP(A9,DATABASE!A:B,2,0)),"") | C9: =IFERROR(IF(A9="","",VLOOKUP(A9,DATABASE!A:J,10,0)),"") | D9: =IF(A9="","",TODAY()) | F9: =IFERROR(IF(OR(A9="",E9=""),"",C9-E9),"")
B10: =IFERROR(IF(A10="","",VLOOKUP(A10,DATABASE!A:B,2,0)),"") | C10: =IFERROR(IF(A10="","",VLOOKUP(A10,DATABASE!A:J,10,0)),"") | D10: =IF(A10="","",TODAY()) | F10: =IFERROR(IF(OR(A10="",E10=""),"",C10-E10),"")
B11: =IFERROR(IF(A11="","",VLOOKUP(A11,DATABASE!A:B,2,0)),"") | C11: =IFERROR(IF(A11="","",VLOOKUP(A11,DATABASE!A:J,10,0)),"") | D11: =IF(A11="","",TODAY()) | F11: =IFERROR(IF(OR(A11="",E11=""),"",C11-E11),"")
B12: =IFERROR(IF(A12="","",VLOOKUP(A12,DATABASE!A:B,2,0)),"") | C12: =IFERROR(IF(A12="","",VLOOKUP(A12,DATABASE!A:J,10,0)),"") | D12: =IF(A12="","",TODAY()) | F12: =IFERROR(IF(OR(A12="",E12=""),"",C12-E12),"")
B13: =IFERROR(IF(A13="","",VLOOKUP(A13,DATABASE!A:B,2,0)),"") | C13: =IFERROR(IF(A13="","",VLOOKUP(A13,DATABASE!A:J,10,0)),"") | D13: =IF(A13="","",TODAY()) | F13: =IFERROR(IF(OR(A13="",E13=""),"",C13-E13),"")
B14: =IFERROR(IF(A14="","",VLOOKUP(A14,DATABASE!A:B,2,0)),"") | C14: =IFERROR(IF(A14="","",VLOOKUP(A14,DATABASE!A:J,10,0)),"") | D14: =IF(A14="","",TODAY()) | F14: =IFERROR(IF(OR(A14="",E14=""),"",C14-E14),"")
... B1002: =IFERROR(IF(A1002="","",VLOOKUP(A1002,DATABASE!A:B,2,0)),"") | C1002: =IFERROR(IF(A1002="","",VLOOKUP(A1002,DATABASE!A:J,10,0)),"") | D1002: =IF(A1002="","",TODAY()) | F1002: =IFERROR(IF(OR(A1002="",E1002=""),"",C1002-E1002),"")

Sheet LOANS
A1: LOAN REGISTER
A2: Loan ID | B2: Account Number | C2: Customer Name | D2: Loan Amount (GHS) | E2: Request Date | F2: Purpose | G2: Interest Rate (%) | H2: Term (Months) | I2: Monthly Repayment (GHS) | J2: Status
A3: =IF(B3="","","LN"&TEXT(ROW()-2,"0000")) | C3: =IFERROR(IF(B3="","",VLOOKUP(B3,DATABASE!A:B,2,0)),"") | E3: =IF(B3="","",TODAY()) | I3: =IFERROR(IF(OR(D3="",G3="",H3=""),"",ABS(PMT(G3%/12,H3,D3))),"") | J3: =IF(B3="","","Active")
A4: =IF(B4="","","LN"&TEXT(ROW()-2,"0000")) | C4: =IFERROR(IF(B4="","",VLOOKUP(B4,DATABASE!A:B,2,0)),"") | E4: =IF(B4="","",TODAY()) | I4: =IFERROR(IF(OR(D4="",G4="",H4=""),"",ABS(PMT(G4%/12,H4,D4))),"") | J4: =IF(B4="","","Active")
A5: =IF(B5="","","LN"&TEXT(ROW()-2,"0000")) | C5: =IFERROR(IF(B5="","",VLOOKUP(B5,DATABASE!A:B,2,0)),"") | E5: =IF(B5="","",TODAY()) | I5: =IFERROR(IF(OR(D5="",G5="",H5=""),"",ABS(PMT(G5%/12,H5,D5))),"") | J5: =IF(B5="","","Active")
A6: =IF(B6="","","LN"&TEXT(ROW()-2,"0000")) | C6: =IFERROR(IF(B6="","",VLOOKUP(B6,DATABASE!A:B,2,0)),"") | E6: =IF(B6="","",TODAY()) | I6: =IFERROR(IF(OR(D6="",G6="",H6=""),"",ABS(PMT(G6%/12,H6,D6))),"") | J6: =IF(B6="","","Active")
A7: =IF(B7="","","LN"&TEXT(ROW()-2,"0000")) | C7: =IFERROR(IF(B7="","",VLOOKUP(B7,DATABASE!A:B,2,0)),"") | E7: =IF(B7="","",TODAY()) | I7: =IFERROR(IF(OR(D7="",G7="",H7=""),"",ABS(PMT(G7%/12,H7,D7))),"") | J7: =IF(B7="","","Active")
A8: =IF(B8="","","LN"&TEXT(ROW()-2,"0000")) | C8: =IFERROR(IF(B8="","",VLOOKUP(B8,DATABASE!A:B,2,0)),"") | E8: =IF(B8="","",TODAY()) | I8: =IFERROR(IF(OR(D8="",G8="",H8=""),"",ABS(PMT(G8%/12,H8,D8))),"") | J8: =IF(B8="","","Active")
A9: =IF(B9="","","LN"&TEXT(ROW()-2,"0000")) | C9: =IFERROR(IF(B9="","",VLOOKUP(B9,DATABASE!A:B,2,0)),"") | E9: =IF(B9="","",TODAY()) | I9: =IFERROR(IF(OR(D9="",G9="",H9=""),"",ABS(PMT(G9%/12,H9,D9))),"") | J9: =IF(B9="","","Active")
A10: =IF(B10="","","LN"&TEXT(ROW()-2,"0000")) | C10: =IFERROR(IF(B10="","",VLOOKUP(B10,DATABASE!A:B,2,0)),"") | E10: =IF(B10="","",TODAY()) | I10: =IFERROR(IF(OR(D10="",G10="",H10=""),"",ABS(PMT(G10%/12,H10,D10))),"") | J10: =IF(B10="","","Active")
A11: =IF(B11="","","LN"&TEXT(ROW()-2,"0000")) | C11: =IFERROR(IF(B11="","",VLOOKUP(B11,DATABASE!A:B,2,0)),"") | E11: =IF(B11="","",TODAY()) | I11: =IFERROR(IF(OR(D11="",G11="",H11=""),"",ABS(PMT(G11%/12,H11,D11))),"") | J11: =IF(B11="","","Active")
A12: =IF(B12="","","LN"&TEXT(ROW()-2,"0000")) | C12: =IFERROR(IF(B12="","",VLOOKUP(B12,DATABASE!A:B,2,0)),"") | E12: =IF(B12="","",TODAY()) | I12: =IFERROR(IF(OR(D12="",G12="",H12=""),"",ABS(PMT(G12%/12,H12,D12))),"") | J12: =IF(B12="","","Active")
A13: =IF(B13="","","LN"&TEXT(ROW()-2,"0000")) | C13: =IFERROR(IF(B13="","",VLOOKUP(B13,DATABASE!A:B,2,0)),"") | E13: =IF(B13="","",TODAY()) | I13: =IFERROR(IF(OR(D13="",G13="",H13=""),"",ABS(PMT(G13%/12,H13,D13))),"") | J13: =IF(B13="","","Active")
A14: =IF(B14="","","LN"&TEXT(ROW()-2,"0000")) | C14: =IFERROR(IF(B14="","",VLOOKUP(B14,DATABASE!A:B,2,0)),"") | E14: =IF(B14="","",TODAY()) | I14: =IFERROR(IF(OR(D14="",G14="",H14=""),"",ABS(PMT(G14%/12,H14,D14))),"") | J14: =IF(B14="","","Active")
... A502: =IF(B502="","","LN"&TEXT(ROW()-2,"0000")) | C502: =IFERROR(IF(B502="","",VLOOKUP(B502,DATABASE!A:B,2,0)),"") | E502: =IF(B502="","",TODAY()) | I502: =IFERROR(IF(OR(D502="",G502="",H502=""),"",ABS(PMT(G502%/12,H502,D502))),"") | J502: =IF(B502="","","Active")

Sheet TOPUP
A1: LOAN TOP-UP REGISTER
A2: Top-Up ID | B2: Account Number | C2: Customer Name | D2: Parent Loan ID | E2: Top-Up Amount (GHS) | F2: Date | G2: Purpose / Notes | H2: Aggregated Loan Balance (GHS) | I2: Unified Monthly Repay (GHS) | J2: Status
A3: =IF(B3="","","TU"&TEXT(ROW()-2,"0000")) | C3: =IFERROR(IF(B3="","",VLOOKUP(B3,DATABASE!A:B,2,0)),"") | F3: =IF(B3="","",TODAY()) | H3: =IFERROR(IF(OR(B3="",E3=""),"",SUMIF(LOANS!$B:$B,B3,LOANS!$D:$D)+E3),"") | I3: =IFERROR(IF(H3="","",SUMIF(LOANS!$B:$B,B3,LOANS!$I:$I)+ABS(PMT(IFERROR(VLOOKUP(B3,LOANS!$B:$G,6,0),12)/100/12,IFERROR(VLOOKUP(B3,LOANS!$B:$H,7,0),12),E3))),"") | J3: =IF(B3="","","Active")
A4: =IF(B4="","","TU"&TEXT(ROW()-2,"0000")) | C4: =IFERROR(IF(B4="","",VLOOKUP(B4,DATABASE!A:B,2,0)),"") | F4: =IF(B4="","",TODAY()) | H4: =IFERROR(IF(OR(B4="",E4=""),"",SUMIF(LOANS!$B:$B,B4,LOANS!$D:$D)+E4),"") | I4: =IFERROR(IF(H4="","",SUMIF(LOANS!$B:$B,B4,LOANS!$I:$I)+ABS(PMT(IFERROR(VLOOKUP(B4,LOANS!$B:$G,6,0),12)/100/12,IFERROR(VLOOKUP(B4,LOANS!$B:$H,7,0),12),E4))),"") | J4: =IF(B4="","","Active")
A5: =IF(B5="","","TU"&TEXT(ROW()-2,"0000")) | C5: =IFERROR(IF(B5="","",VLOOKUP(B5,DATABASE!A:B,2,0)),"") | F5: =IF(B5="","",TODAY()) | H5: =IFERROR(IF(OR(B5="",E5=""),"",SUMIF(LOANS!$B:$B,B5,LOANS!$D:$D)+E5),"") | I5: =IFERROR(IF(H5="","",SUMIF(LOANS!$B:$B,B5,LOANS!$I:$I)+ABS(PMT(IFERROR(VLOOKUP(B5,LOANS!$B:$G,6,0),12)/100/12,IFERROR(VLOOKUP(B5,LOANS!$B:$H,7,0),12),E5))),"") | J5: =IF(B5="","","Active")
A6: =IF(B6="","","TU"&TEXT(ROW()-2,"0000")) | C6: =IFERROR(IF(B6="","",VLOOKUP(B6,DATABASE!A:B,2,0)),"") | F6: =IF(B6="","",TODAY()) | H6: =IFERROR(IF(OR(B6="",E6=""),"",SUMIF(LOANS!$B:$B,B6,LOANS!$D:$D)+E6),"") | I6: =IFERROR(IF(H6="","",SUMIF(LOANS!$B:$B,B6,LOANS!$I:$I)+ABS(PMT(IFERROR(VLOOKUP(B6,LOANS!$B:$G,6,0),12)/100/12,IFERROR(VLOOKUP(B6,LOANS!$B:$H,7,0),12),E6))),"") | J6: =IF(B6="","","Active")
A7: =IF(B7="","","TU"&TEXT(ROW()-2,"0000")) | C7: =IFERROR(IF(B7="","",VLOOKUP(B7,DATABASE!A:B,2,0)),"") | F7: =IF(B7="","",TODAY()) | H7: =IFERROR(IF(OR(B7="",E7=""),"",SUMIF(LOANS!$B:$B,B7,LOANS!$D:$D)+E7),"") | I7: =IFERROR(IF(H7="","",SUMIF(LOANS!$B:$B,B7,LOANS!$I:$I)+ABS(PMT(IFERROR(VLOOKUP(B7,LOANS!$B:$G,6,0),12)/100/12,IFERROR(VLOOKUP(B7,LOANS!$B:$H,7,0),12),E7))),"") | J7: =IF(B7="","","Active")
A8: =IF(B8="","","TU"&TEXT(ROW()-2,"0000")) | C8: =IFERROR(IF(B8="","",VLOOKUP(B8,DATABASE!A:B,2,0)),"") | F8: =IF(B8="","",TODAY()) | H8: =IFERROR(IF(OR(B8="",E8=""),"",SUMIF(LOANS!$B:$B,B8,LOANS!$D:$D)+E8),"") | I8: =IFERROR(IF(H8="","",SUMIF(LOANS!$B:$B,B8,LOANS!$I:$I)+ABS(PMT(IFERROR(VLOOKUP(B8,LOANS!$B:$G,6,0),12)/100/12,IFERROR(VLOOKUP(B8,LOANS!$B:$H,7,0),12),E8))),"") | J8: =IF(B8="","","Active")
A9: =IF(B9="","","TU"&TEXT(ROW()-2,"0000")) | C9: =IFERROR(IF(B9="","",VLOOKUP(B9,DATABASE!A:B,2,0)),"") | F9: =IF(B9="","",TODAY()) | H9: =IFERROR(IF(OR(B9="",E9=""),"",SUMIF(LOANS!$B:$B,B9,LOANS!$D:$D)+E9),"") | I9: =IFERROR(IF(H9="","",SUMIF(LOANS!$B:$B,B9,LOANS!$I:$I)+ABS(PMT(IFERROR(VLOOKUP(B9,LOANS!$B:$G,6,0),12)/100/12,IFERROR(VLOOKUP(B9,LOANS!$B:$H,7,0),12),E9))),"") | J9: =IF(B9="","","Active")
A10: =IF(B10="","","TU"&TEXT(ROW()-2,"0000")) | C10: =IFERROR(IF(B10="","",VLOOKUP(B10,DATABASE!A:B,2,0)),"") | F10: =IF(B10="","",TODAY()) | H10: =IFERROR(IF(OR(B10="",E10=""),"",SUMIF(LOANS!$B:$B,B10,LOANS!$D:$D)+E10),"") | I10: =IFERROR(IF(H10="","",SUMIF(LOANS!$B:$B,B10,LOANS!$I:$I)+ABS(PMT(IFERROR(VLOOKUP(B10,LOANS!$B:$G,6,0),12)/100/12,IFERROR(VLOOKUP(B10,LOANS!$B:$H,7,0),12),E10))),"") | J10: =IF(B10="","","Active")
A11: =IF(B11="","","TU"&TEXT(ROW()-2,"0000")) | C11: =IFERROR(IF(B11="","",VLOOKUP(B11,DATABASE!A:B,2,0)),"") | F11: =IF(B11="","",TODAY()) | H11: =IFERROR(IF(OR(B11="",E11=""),"",SUMIF(LOANS!$B:$B,B11,LOANS!$D:$D)+E11),"") | I11: =IFERROR(IF(H11="","",SUMIF(LOANS!$B:$B,B11,LOANS!$I:$I)+ABS(PMT(IFERROR(VLOOKUP(B11,LOANS!$B:$G,6,0),12)/100/12,IFERROR(VLOOKUP(B11,LOANS!$B:$H,7,0),12),E11))),"") | J11: =IF(B11="","","Active")
A12: =IF(B12="","","TU"&TEXT(ROW()-2,"0000")) | C12: =IFERROR(IF(B12="","",VLOOKUP(B12,DATABASE!A:B,2,0)),"") | F12: =IF(B12="","",TODAY()) | H12: =IFERROR(IF(OR(B12="",E12=""),"",SUMIF(LOANS!$B:$B,B12,LOANS!$D:$D)+E12),"") | I12: =IFERROR(IF(H12="","",SUMIF(LOANS!$B:$B,B12,LOANS!$I:$I)+ABS(PMT(IFERROR(VLOOKUP(B12,LOANS!$B:$G,6,0),12)/100/12,IFERROR(VLOOKUP(B12,LOANS!$B:$H,7,0),12),E12))),"") | J12: =IF(B12="","","Active")
A13: =IF(B13="","","TU"&TEXT(ROW()-2,"0000")) | C13: =IFERROR(IF(B13="","",VLOOKUP(B13,DATABASE!A:B,2,0)),"") | F13: =IF(B13="","",TODAY()) | H13: =IFERROR(IF(OR(B13="",E13=""),"",SUMIF(LOANS!$B:$B,B13,LOANS!$D:$D)+E13),"") | I13: =IFERROR(IF(H13="","",SUMIF(LOANS!$B:$B,B13,LOANS!$I:$I)+ABS(PMT(IFERROR(VLOOKUP(B13,LOANS!$B:$G,6,0),12)/100/12,IFERROR(VLOOKUP(B13,LOANS!$B:$H,7,0),12),E13))),"") | J13: =IF(B13="","","Active")
A14: =IF(B14="","","TU"&TEXT(ROW()-2,"0000")) | C14: =IFERROR(IF(B14="","",VLOOKUP(B14,DATABASE!A:B,2,0)),"") | F14: =IF(B14="","",TODAY()) | H14: =IFERROR(IF(OR(B14="",E14=""),"",SUMIF(LOANS!$B:$B,B14,LOANS!$D:$D)+E14),"") | I14: =IFERROR(IF(H14="","",SUMIF(LOANS!$B:$B,B14,LOANS!$I:$I)+ABS(PMT(IFERROR(VLOOKUP(B14,LOANS!$B:$G,6,0),12)/100/12,IFERROR(VLOOKUP(B14,LOANS!$B:$H,7,0),12),E14))),"") | J14: =IF(B14="","","Active")
... A502: =IF(B502="","","TU"&TEXT(ROW()-2,"0000")) | C502: =IFERROR(IF(B502="","",VLOOKUP(B502,DATABASE!A:B,2,0)),"") | F502: =IF(B502="","",TODAY()) | H502: =IFERROR(IF(OR(B502="",E502=""),"",SUMIF(LOANS!$B:$B,B502,LOANS!$D:$D)+E502),"") | I502: =IFERROR(IF(H502="","",SUMIF(LOANS!$B:$B,B502,LOANS!$I:$I)+ABS(PMT(IFERROR(VLOOKUP(B502,LOANS!$B:$G,6,0),12)/100/12,IFERROR(VLOOKUP(B502,LOANS!$B:$H,7,0),12),E502))),"") | J502: =IF(B502="","","Active")

Sheet REPORTS
A1: SAMICIOUS MICROFINANCE – SUMMARY REPORTS
B3: Total Registered Customers | D3: =COUNTA(DATABASE!A:A)-1
B4: Total Savings Collected (GHS) | D4: =IFERROR(SUMIF(SAVINGS!A:A,"ACC*",SAVINGS!E:E),0)
B5: Total Withdrawals (GHS) | D5: =IFERROR(SUMIF(WITHDRAWALS!A:A,"ACC*",WITHDRAWALS!E:E),0)
B6: Net Savings Balance (GHS) | D6: =D4-D5
B7: Total Loans Disbursed (GHS) | D7: =IFERROR(SUMIF(LOANS!B:B,"ACC*",LOANS!D:D),0)
B8: Total Top-Up Amounts (GHS) | D8: =IFERROR(SUMIF(TOPUP!B:B,"ACC*",TOPUP!E:E),0)
B9: Total Loan Portfolio (GHS) | D9: =D7+D8
B10: Number of Active Loans | D10: =IFERROR(COUNTIF(LOANS!J:J,"Active"),0)
B11: Number of Top-Ups | D11: =IFERROR(COUNTIF(TOPUP!J:J,"Active"),0)
B12: ⚡ All figures update automatically as data is entered in module sheets.
