Workbook

Sheet 🏠 DASHBOARD
A1: SAMICIOUS MICROFINANCE – ENTERPRISE FINANCIAL SYSTEM
A2: =TEXT(TODAY(),"dddd, mmmm d, yyyy")
B4: TOTAL CUSTOMERS | D4: TOTAL SAVINGS (GHS) | F4: TOTAL WITHDRAWALS | H4: LOANS DISBURSED | J4: ACTIVE TOP-UPS
B5: =COUNTA(DATABASE!A:A)-1 | D5: =IFERROR(SUMIF(SAVINGS!A:A,"ACC*",SAVINGS!E:E),0) | F5: =IFERROR(SUMIF(WITHDRAWALS!A:A,"ACC*",WITHDRAWALS!E:E),0) | H5: =IFERROR(SUMIF(LOANS!B:B,"ACC*",LOANS!D:D),0) | J5: =IFERROR(COUNTIF(TOPUP!J:J,"Active"),0)
B7: 📋 NEW ACCOUNT | D7: 💰 SAVINGS | F7: 🏧 WITHDRAWALS | H7: 🏦 LOANS | J7: 🔗 LOAN TOP-UP
B8: 🗄️ DATABASE | D8: 📊 REPORTS
A10: ⚡ FULLY AUTOMATED • Enter data in NEW ACCOUNT, SAVINGS, WITHDRAWALS, LOANS or TOPUP — every balance, ID, name, and report updates instantly. No buttons. No macros. No copy-paste. Pure formula engine.

Sheet NEW ACCOUNT
A1: NEW CUSTOMER ACCOUNT REGISTRATION
A2: ✅ FULLY AUTOMATED — Type customer details in columns B–G. Account Number (col A) and Date (col H) auto-generate immediately. DATABASE reads this table in real time. No copy-paste required.
A3: Account Number | B3: Customer Name | C3: Date of Birth | D3: Phone Number | E3: Location | F3: Occupation | G3: Assigned Agent | H3: Date Registered
A4: =IF(B4="","","ACC"&TEXT(ROW()-3,"0000")) | H4: =IF(B4="","",TEXT(TODAY(),"dd/mm/yyyy"))
A5: =IF(B5="","","ACC"&TEXT(ROW()-3,"0000")) | H5: =IF(B5="","",TEXT(TODAY(),"dd/mm/yyyy"))
A6: =IF(B6="","","ACC"&TEXT(ROW()-3,"0000")) | H6: =IF(B6="","",TEXT(TODAY(),"dd/mm/yyyy"))
A7: =IF(B7="","","ACC"&TEXT(ROW()-3,"0000")) | H7: =IF(B7="","",TEXT(TODAY(),"dd/mm/yyyy"))
A8: =IF(B8="","","ACC"&TEXT(ROW()-3,"0000")) | H8: =IF(B8="","",TEXT(TODAY(),"dd/mm/yyyy"))
A9: =IF(B9="","","ACC"&TEXT(ROW()-3,"0000")) | H9: =IF(B9="","",TEXT(TODAY(),"dd/mm/yyyy"))
A10: =IF(B10="","","ACC"&TEXT(ROW()-3,"0000")) | H10: =IF(B10="","",TEXT(TODAY(),"dd/mm/yyyy"))
A11: =IF(B11="","","ACC"&TEXT(ROW()-3,"0000")) | H11: =IF(B11="","",TEXT(TODAY(),"dd/mm/yyyy"))
A12: =IF(B12="","","ACC"&TEXT(ROW()-3,"0000")) | H12: =IF(B12="","",TEXT(TODAY(),"dd/mm/yyyy"))
A13: =IF(B13="","","ACC"&TEXT(ROW()-3,"0000")) | H13: =IF(B13="","",TEXT(TODAY(),"dd/mm/yyyy"))
A14: =IF(B14="","","ACC"&TEXT(ROW()-3,"0000")) | H14: =IF(B14="","",TEXT(TODAY(),"dd/mm/yyyy"))
A15: =IF(B15="","","ACC"&TEXT(ROW()-3,"0000")) | H15: =IF(B15="","",TEXT(TODAY(),"dd/mm/yyyy"))
... A503: =IF(B503="","","ACC"&TEXT(ROW()-3,"0000")) | H503: =IF(B503="","",TEXT(TODAY(),"dd/mm/yyyy"))
A505: 🔵 Blue cells = Auto-generated (do not edit) 🟡 Yellow cells = Enter data here

Sheet DATABASE
A1: CUSTOMER ACCOUNT DATABASE — Central Source of Truth (Formula-Driven, Auto-Sync)
A2: Account Number | B2: Customer Name | C2: Date of Birth | D2: Phone Number | E2: Location | F2: Occupation | G2: Assigned Agent | H2: Date Registered | I2: Total Savings (GHS) | J2: Current Balance (GHS)
A3: ='NEW ACCOUNT'!A4 | B3: =IF('NEW ACCOUNT'!A4="","",'NEW ACCOUNT'!B4) | C3: =IF('NEW ACCOUNT'!A4="","",'NEW ACCOUNT'!C4) | D3: =IF('NEW ACCOUNT'!A4="","",'NEW ACCOUNT'!D4) | E3: =IF('NEW ACCOUNT'!A4="","",'NEW ACCOUNT'!E4) | F3: =IF('NEW ACCOUNT'!A4="","",'NEW ACCOUNT'!F4) | G3: =IF('NEW ACCOUNT'!A4="","",'NEW ACCOUNT'!G4) | H3: =IF('NEW ACCOUNT'!A4="","",'NEW ACCOUNT'!H4) | I3: =IFERROR(IF(A3="","",SUMIF(SAVINGS!$A:$A,A3,SAVINGS!$E:$E)),"") | J3: =IFERROR(IF(A3="","",SUMIF(SAVINGS!$A:$A,A3,SAVINGS!$E:$E)-SUMIF(WITHDRAWALS!$A:$A,A3,WITHDRAWALS!$E:$E)),"")
A4: ='NEW ACCOUNT'!A5 | B4: =IF('NEW ACCOUNT'!A5="","",'NEW ACCOUNT'!B5) | C4: =IF('NEW ACCOUNT'!A5="","",'NEW ACCOUNT'!C5) | D4: =IF('NEW ACCOUNT'!A5="","",'NEW ACCOUNT'!D5) | E4: =IF('NEW ACCOUNT'!A5="","",'NEW ACCOUNT'!E5) | F4: =IF('NEW ACCOUNT'!A5="","",'NEW ACCOUNT'!F5) | G4: =IF('NEW ACCOUNT'!A5="","",'NEW ACCOUNT'!G5) | H4: =IF('NEW ACCOUNT'!A5="","",'NEW ACCOUNT'!H5) | I4: =IFERROR(IF(A4="","",SUMIF(SAVINGS!$A:$A,A4,SAVINGS!$E:$E)),"") | J4: =IFERROR(IF(A4="","",SUMIF(SAVINGS!$A:$A,A4,SAVINGS!$E:$E)-SUMIF(WITHDRAWALS!$A:$A,A4,WITHDRAWALS!$E:$E)),"")
A5: ='NEW ACCOUNT'!A6 | B5: =IF('NEW ACCOUNT'!A6="","",'NEW ACCOUNT'!B6) | C5: =IF('NEW ACCOUNT'!A6="","",'NEW ACCOUNT'!C6) | D5: =IF('NEW ACCOUNT'!A6="","",'NEW ACCOUNT'!D6) | E5: =IF('NEW ACCOUNT'!A6="","",'NEW ACCOUNT'!E6) | F5: =IF('NEW ACCOUNT'!A6="","",'NEW ACCOUNT'!F6) | G5: =IF('NEW ACCOUNT'!A6="","",'NEW ACCOUNT'!G6) | H5: =IF('NEW ACCOUNT'!A6="","",'NEW ACCOUNT'!H6) | I5: =IFERROR(IF(A5="","",SUMIF(SAVINGS!$A:$A,A5,SAVINGS!$E:$E)),"") | J5: =IFERROR(IF(A5="","",SUMIF(SAVINGS!$A:$A,A5,SAVINGS!$E:$E)-SUMIF(WITHDRAWALS!$A:$A,A5,WITHDRAWALS!$E:$E)),"")
A6: ='NEW ACCOUNT'!A7 | B6: =IF('NEW ACCOUNT'!A7="","",'NEW ACCOUNT'!B7) | C6: =IF('NEW ACCOUNT'!A7="","",'NEW ACCOUNT'!C7) | D6: =IF('NEW ACCOUNT'!A7="","",'NEW ACCOUNT'!D7) | E6: =IF('NEW ACCOUNT'!A7="","",'NEW ACCOUNT'!E7) | F6: =IF('NEW ACCOUNT'!A7="","",'NEW ACCOUNT'!F7) | G6: =IF('NEW ACCOUNT'!A7="","",'NEW ACCOUNT'!G7) | H6: =IF('NEW ACCOUNT'!A7="","",'NEW ACCOUNT'!H7) | I6: =IFERROR(IF(A6="","",SUMIF(SAVINGS!$A:$A,A6,SAVINGS!$E:$E)),"") | J6: =IFERROR(IF(A6="","",SUMIF(SAVINGS!$A:$A,A6,SAVINGS!$E:$E)-SUMIF(WITHDRAWALS!$A:$A,A6,WITHDRAWALS!$E:$E)),"")
A7: ='NEW ACCOUNT'!A8 | B7: =IF('NEW ACCOUNT'!A8="","",'NEW ACCOUNT'!B8) | C7: =IF('NEW ACCOUNT'!A8="","",'NEW ACCOUNT'!C8) | D7: =IF('NEW ACCOUNT'!A8="","",'NEW ACCOUNT'!D8) | E7: =IF('NEW ACCOUNT'!A8="","",'NEW ACCOUNT'!E8) | F7: =IF('NEW ACCOUNT'!A8="","",'NEW ACCOUNT'!F8) | G7: =IF('NEW ACCOUNT'!A8="","",'NEW ACCOUNT'!G8) | H7: =IF('NEW ACCOUNT'!A8="","",'NEW ACCOUNT'!H8) | I7: =IFERROR(IF(A7="","",SUMIF(SAVINGS!$A:$A,A7,SAVINGS!$E:$E)),"") | J7: =IFERROR(IF(A7="","",SUMIF(SAVINGS!$A:$A,A7,SAVINGS!$E:$E)-SUMIF(WITHDRAWALS!$A:$A,A7,WITHDRAWALS!$E:$E)),"")
A8: ='NEW ACCOUNT'!A9 | B8: =IF('NEW ACCOUNT'!A9="","",'NEW ACCOUNT'!B9) | C8: =IF('NEW ACCOUNT'!A9="","",'NEW ACCOUNT'!C9) | D8: =IF('NEW ACCOUNT'!A9="","",'NEW ACCOUNT'!D9) | E8: =IF('NEW ACCOUNT'!A9="","",'NEW ACCOUNT'!E9) | F8: =IF('NEW ACCOUNT'!A9="","",'NEW ACCOUNT'!F9) | G8: =IF('NEW ACCOUNT'!A9="","",'NEW ACCOUNT'!G9) | H8: =IF('NEW ACCOUNT'!A9="","",'NEW ACCOUNT'!H9) | I8: =IFERROR(IF(A8="","",SUMIF(SAVINGS!$A:$A,A8,SAVINGS!$E:$E)),"") | J8: =IFERROR(IF(A8="","",SUMIF(SAVINGS!$A:$A,A8,SAVINGS!$E:$E)-SUMIF(WITHDRAWALS!$A:$A,A8,WITHDRAWALS!$E:$E)),"")
A9: ='NEW ACCOUNT'!A10 | B9: =IF('NEW ACCOUNT'!A10="","",'NEW ACCOUNT'!B10) | C9: =IF('NEW ACCOUNT'!A10="","",'NEW ACCOUNT'!C10) | D9: =IF('NEW ACCOUNT'!A10="","",'NEW ACCOUNT'!D10) | E9: =IF('NEW ACCOUNT'!A10="","",'NEW ACCOUNT'!E10) | F9: =IF('NEW ACCOUNT'!A10="","",'NEW ACCOUNT'!F10) | G9: =IF('NEW ACCOUNT'!A10="","",'NEW ACCOUNT'!G10) | H9: =IF('NEW ACCOUNT'!A10="","",'NEW ACCOUNT'!H10) | I9: =IFERROR(IF(A9="","",SUMIF(SAVINGS!$A:$A,A9,SAVINGS!$E:$E)),"") | J9: =IFERROR(IF(A9="","",SUMIF(SAVINGS!$A:$A,A9,SAVINGS!$E:$E)-SUMIF(WITHDRAWALS!$A:$A,A9,WITHDRAWALS!$E:$E)),"")
A10: ='NEW ACCOUNT'!A11 | B10: =IF('NEW ACCOUNT'!A11="","",'NEW ACCOUNT'!B11) | C10: =IF('NEW ACCOUNT'!A11="","",'NEW ACCOUNT'!C11) | D10: =IF('NEW ACCOUNT'!A11="","",'NEW ACCOUNT'!D11) | E10: =IF('NEW ACCOUNT'!A11="","",'NEW ACCOUNT'!E11) | F10: =IF('NEW ACCOUNT'!A11="","",'NEW ACCOUNT'!F11) | G10: =IF('NEW ACCOUNT'!A11="","",'NEW ACCOUNT'!G11) | H10: =IF('NEW ACCOUNT'!A11="","",'NEW ACCOUNT'!H11) | I10: =IFERROR(IF(A10="","",SUMIF(SAVINGS!$A:$A,A10,SAVINGS!$E:$E)),"") | J10: =IFERROR(IF(A10="","",SUMIF(SAVINGS!$A:$A,A10,SAVINGS!$E:$E)-SUMIF(WITHDRAWALS!$A:$A,A10,WITHDRAWALS!$E:$E)),"")
A11: ='NEW ACCOUNT'!A12 | B11: =IF('NEW ACCOUNT'!A12="","",'NEW ACCOUNT'!B12) | C11: =IF('NEW ACCOUNT'!A12="","",'NEW ACCOUNT'!C12) | D11: =IF('NEW ACCOUNT'!A12="","",'NEW ACCOUNT'!D12) | E11: =IF('NEW ACCOUNT'!A12="","",'NEW ACCOUNT'!E12) | F11: =IF('NEW ACCOUNT'!A12="","",'NEW ACCOUNT'!F12) | G11: =IF('NEW ACCOUNT'!A12="","",'NEW ACCOUNT'!G12) | H11: =IF('NEW ACCOUNT'!A12="","",'NEW ACCOUNT'!H12) | I11: =IFERROR(IF(A11="","",SUMIF(SAVINGS!$A:$A,A11,SAVINGS!$E:$E)),"") | J11: =IFERROR(IF(A11="","",SUMIF(SAVINGS!$A:$A,A11,SAVINGS!$E:$E)-SUMIF(WITHDRAWALS!$A:$A,A11,WITHDRAWALS!$E:$E)),"")
A12: ='NEW ACCOUNT'!A13 | B12: =IF('NEW ACCOUNT'!A13="","",'NEW ACCOUNT'!B13) | C12: =IF('NEW ACCOUNT'!A13="","",'NEW ACCOUNT'!C13) | D12: =IF('NEW ACCOUNT'!A13="","",'NEW ACCOUNT'!D13) | E12: =IF('NEW ACCOUNT'!A13="","",'NEW ACCOUNT'!E13) | F12: =IF('NEW ACCOUNT'!A13="","",'NEW ACCOUNT'!F13) | G12: =IF('NEW ACCOUNT'!A13="","",'NEW ACCOUNT'!G13) | H12: =IF('NEW ACCOUNT'!A13="","",'NEW ACCOUNT'!H13) | I12: =IFERROR(IF(A12="","",SUMIF(SAVINGS!$A:$A,A12,SAVINGS!$E:$E)),"") | J12: =IFERROR(IF(A12="","",SUMIF(SAVINGS!$A:$A,A12,SAVINGS!$E:$E)-SUMIF(WITHDRAWALS!$A:$A,A12,WITHDRAWALS!$E:$E)),"")
A13: ='NEW ACCOUNT'!A14 | B13: =IF('NEW ACCOUNT'!A14="","",'NEW ACCOUNT'!B14) | C13: =IF('NEW ACCOUNT'!A14="","",'NEW ACCOUNT'!C14) | D13: =IF('NEW ACCOUNT'!A14="","",'NEW ACCOUNT'!D14) | E13: =IF('NEW ACCOUNT'!A14="","",'NEW ACCOUNT'!E14) | F13: =IF('NEW ACCOUNT'!A14="","",'NEW ACCOUNT'!F14) | G13: =IF('NEW ACCOUNT'!A14="","",'NEW ACCOUNT'!G14) | H13: =IF('NEW ACCOUNT'!A14="","",'NEW ACCOUNT'!H14) | I13: =IFERROR(IF(A13="","",SUMIF(SAVINGS!$A:$A,A13,SAVINGS!$E:$E)),"") | J13: =IFERROR(IF(A13="","",SUMIF(SAVINGS!$A:$A,A13,SAVINGS!$E:$E)-SUMIF(WITHDRAWALS!$A:$A,A13,WITHDRAWALS!$E:$E)),"")
A14: ='NEW ACCOUNT'!A15 | B14: =IF('NEW ACCOUNT'!A15="","",'NEW ACCOUNT'!B15) | C14: =IF('NEW ACCOUNT'!A15="","",'NEW ACCOUNT'!C15) | D14: =IF('NEW ACCOUNT'!A15="","",'NEW ACCOUNT'!D15) | E14: =IF('NEW ACCOUNT'!A15="","",'NEW ACCOUNT'!E15) | F14: =IF('NEW ACCOUNT'!A15="","",'NEW ACCOUNT'!F15) | G14: =IF('NEW ACCOUNT'!A15="","",'NEW ACCOUNT'!G15) | H14: =IF('NEW ACCOUNT'!A15="","",'NEW ACCOUNT'!H15) | I14: =IFERROR(IF(A14="","",SUMIF(SAVINGS!$A:$A,A14,SAVINGS!$E:$E)),"") | J14: =IFERROR(IF(A14="","",SUMIF(SAVINGS!$A:$A,A14,SAVINGS!$E:$E)-SUMIF(WITHDRAWALS!$A:$A,A14,WITHDRAWALS!$E:$E)),"")
... A502: ='NEW ACCOUNT'!A503 | B502: =IF('NEW ACCOUNT'!A503="","",'NEW ACCOUNT'!B503) | C502: =IF('NEW ACCOUNT'!A503="","",'NEW ACCOUNT'!C503) | D502: =IF('NEW ACCOUNT'!A503="","",'NEW ACCOUNT'!D503) | E502: =IF('NEW ACCOUNT'!A503="","",'NEW ACCOUNT'!E503) | F502: =IF('NEW ACCOUNT'!A503="","",'NEW ACCOUNT'!F503) | G502: =IF('NEW ACCOUNT'!A503="","",'NEW ACCOUNT'!G503) | H502: =IF('NEW ACCOUNT'!A503="","",'NEW ACCOUNT'!H503) | I502: =IFERROR(IF(A502="","",SUMIF(SAVINGS!$A:$A,A502,SAVINGS!$E:$E)),"") | J502: =IFERROR(IF(A502="","",SUMIF(SAVINGS!$A:$A,A502,SAVINGS!$E:$E)-SUMIF(WITHDRAWALS!$A:$A,A502,WITHDRAWALS!$E:$E)),"")

Sheet SAVINGS
A1: SAVINGS TRANSACTION REGISTER
A2: Account Number | B2: Customer Name | C2: Previous Balance (GHS) | D2: Date | E2: Savings Amount (GHS) | F2: New Balance (GHS) | G2: Recorded By | H2: Notes
B3: =IFERROR(IF(A3="","",VLOOKUP(A3,DATABASE!$A:$B,2,0)),"") | C3: =IFERROR(IF(A3="","",0-SUMIF(WITHDRAWALS!$A:$A,A3,WITHDRAWALS!$E:$E)),"") | D3: =IF(A3="","",TODAY()) | F3: =IFERROR(IF(OR(A3="",E3=""),"",C3+E3),"")
B4: =IFERROR(IF(A4="","",VLOOKUP(A4,DATABASE!$A:$B,2,0)),"") | C4: =IFERROR(IF(A4="","",SUMIF(SAVINGS!$A$3:A3,A4,SAVINGS!$E$3:E3)-SUMIF(WITHDRAWALS!$A:$A,A4,WITHDRAWALS!$E:$E)),"") | D4: =IF(A4="","",TODAY()) | F4: =IFERROR(IF(OR(A4="",E4=""),"",C4+E4),"")
B5: =IFERROR(IF(A5="","",VLOOKUP(A5,DATABASE!$A:$B,2,0)),"") | C5: =IFERROR(IF(A5="","",SUMIF(SAVINGS!$A$3:A4,A5,SAVINGS!$E$3:E4)-SUMIF(WITHDRAWALS!$A:$A,A5,WITHDRAWALS!$E:$E)),"") | D5: =IF(A5="","",TODAY()) | F5: =IFERROR(IF(OR(A5="",E5=""),"",C5+E5),"")
B6: =IFERROR(IF(A6="","",VLOOKUP(A6,DATABASE!$A:$B,2,0)),"") | C6: =IFERROR(IF(A6="","",SUMIF(SAVINGS!$A$3:A5,A6,SAVINGS!$E$3:E5)-SUMIF(WITHDRAWALS!$A:$A,A6,WITHDRAWALS!$E:$E)),"") | D6: =IF(A6="","",TODAY()) | F6: =IFERROR(IF(OR(A6="",E6=""),"",C6+E6),"")
B7: =IFERROR(IF(A7="","",VLOOKUP(A7,DATABASE!$A:$B,2,0)),"") | C7: =IFERROR(IF(A7="","",SUMIF(SAVINGS!$A$3:A6,A7,SAVINGS!$E$3:E6)-SUMIF(WITHDRAWALS!$A:$A,A7,WITHDRAWALS!$E:$E)),"") | D7: =IF(A7="","",TODAY()) | F7: =IFERROR(IF(OR(A7="",E7=""),"",C7+E7),"")
B8: =IFERROR(IF(A8="","",VLOOKUP(A8,DATABASE!$A:$B,2,0)),"") | C8: =IFERROR(IF(A8="","",SUMIF(SAVINGS!$A$3:A7,A8,SAVINGS!$E$3:E7)-SUMIF(WITHDRAWALS!$A:$A,A8,WITHDRAWALS!$E:$E)),"") | D8: =IF(A8="","",TODAY()) | F8: =IFERROR(IF(OR(A8="",E8=""),"",C8+E8),"")
B9: =IFERROR(IF(A9="","",VLOOKUP(A9,DATABASE!$A:$B,2,0)),"") | C9: =IFERROR(IF(A9="","",SUMIF(SAVINGS!$A$3:A8,A9,SAVINGS!$E$3:E8)-SUMIF(WITHDRAWALS!$A:$A,A9,WITHDRAWALS!$E:$E)),"") | D9: =IF(A9="","",TODAY()) | F9: =IFERROR(IF(OR(A9="",E9=""),"",C9+E9),"")
B10: =IFERROR(IF(A10="","",VLOOKUP(A10,DATABASE!$A:$B,2,0)),"") | C10: =IFERROR(IF(A10="","",SUMIF(SAVINGS!$A$3:A9,A10,SAVINGS!$E$3:E9)-SUMIF(WITHDRAWALS!$A:$A,A10,WITHDRAWALS!$E:$E)),"") | D10: =IF(A10="","",TODAY()) | F10: =IFERROR(IF(OR(A10="",E10=""),"",C10+E10),"")
B11: =IFERROR(IF(A11="","",VLOOKUP(A11,DATABASE!$A:$B,2,0)),"") | C11: =IFERROR(IF(A11="","",SUMIF(SAVINGS!$A$3:A10,A11,SAVINGS!$E$3:E10)-SUMIF(WITHDRAWALS!$A:$A,A11,WITHDRAWALS!$E:$E)),"") | D11: =IF(A11="","",TODAY()) | F11: =IFERROR(IF(OR(A11="",E11=""),"",C11+E11),"")
B12: =IFERROR(IF(A12="","",VLOOKUP(A12,DATABASE!$A:$B,2,0)),"") | C12: =IFERROR(IF(A12="","",SUMIF(SAVINGS!$A$3:A11,A12,SAVINGS!$E$3:E11)-SUMIF(WITHDRAWALS!$A:$A,A12,WITHDRAWALS!$E:$E)),"") | D12: =IF(A12="","",TODAY()) | F12: =IFERROR(IF(OR(A12="",E12=""),"",C12+E12),"")
B13: =IFERROR(IF(A13="","",VLOOKUP(A13,DATABASE!$A:$B,2,0)),"") | C13: =IFERROR(IF(A13="","",SUMIF(SAVINGS!$A$3:A12,A13,SAVINGS!$E$3:E12)-SUMIF(WITHDRAWALS!$A:$A,A13,WITHDRAWALS!$E:$E)),"") | D13: =IF(A13="","",TODAY()) | F13: =IFERROR(IF(OR(A13="",E13=""),"",C13+E13),"")
B14: =IFERROR(IF(A14="","",VLOOKUP(A14,DATABASE!$A:$B,2,0)),"") | C14: =IFERROR(IF(A14="","",SUMIF(SAVINGS!$A$3:A13,A14,SAVINGS!$E$3:E13)-SUMIF(WITHDRAWALS!$A:$A,A14,WITHDRAWALS!$E:$E)),"") | D14: =IF(A14="","",TODAY()) | F14: =IFERROR(IF(OR(A14="",E14=""),"",C14+E14),"")
B15: =IFERROR(IF(A15="","",VLOOKUP(A15,DATABASE!$A:$B,2,0)),"") | C15: =IFERROR(IF(A15="","",SUMIF(SAVINGS!$A$3:A14,A15,SAVINGS!$E$3:E14)-SUMIF(WITHDRAWALS!$A:$A,A15,WITHDRAWALS!$E:$E)),"") | D15: =IF(A15="","",TODAY()) | F15: =IFERROR(IF(OR(A15="",E15=""),"",C15+E15),"")
... B2002: =IFERROR(IF(A2002="","",VLOOKUP(A2002,DATABASE!$A:$B,2,0)),"") | C2002: =IFERROR(IF(A2002="","",SUMIF(SAVINGS!$A$3:A2001,A2002,SAVINGS!$E$3:E2001)-SUMIF(WITHDRAWALS!$A:$A,A2002,WITHDRAWALS!$E:$E)),"") | D2002: =IF(A2002="","",TODAY()) | F2002: =IFERROR(IF(OR(A2002="",E2002=""),"",C2002+E2002),"")

Sheet WITHDRAWALS
A1: WITHDRAWAL TRANSACTION REGISTER
A2: Account Number | B2: Customer Name | C2: Available Balance (GHS) | D2: Date | E2: Withdrawal Amount (GHS) | F2: New Balance (GHS) | G2: Authorized By | H2: Notes
B3: =IFERROR(IF(A3="","",VLOOKUP(A3,DATABASE!$A:$B,2,0)),"") | C3: =IFERROR(IF(A3="","",VLOOKUP(A3,DATABASE!$A:$J,10,0)),"") | D3: =IF(A3="","",TODAY()) | F3: =IFERROR(IF(OR(A3="",E3=""),"",C3-E3),"")
B4: =IFERROR(IF(A4="","",VLOOKUP(A4,DATABASE!$A:$B,2,0)),"") | C4: =IFERROR(IF(A4="","",VLOOKUP(A4,DATABASE!$A:$J,10,0)),"") | D4: =IF(A4="","",TODAY()) | F4: =IFERROR(IF(OR(A4="",E4=""),"",C4-E4),"")
B5: =IFERROR(IF(A5="","",VLOOKUP(A5,DATABASE!$A:$B,2,0)),"") | C5: =IFERROR(IF(A5="","",VLOOKUP(A5,DATABASE!$A:$J,10,0)),"") | D5: =IF(A5="","",TODAY()) | F5: =IFERROR(IF(OR(A5="",E5=""),"",C5-E5),"")
B6: =IFERROR(IF(A6="","",VLOOKUP(A6,DATABASE!$A:$B,2,0)),"") | C6: =IFERROR(IF(A6="","",VLOOKUP(A6,DATABASE!$A:$J,10,0)),"") | D6: =IF(A6="","",TODAY()) | F6: =IFERROR(IF(OR(A6="",E6=""),"",C6-E6),"")
B7: =IFERROR(IF(A7="","",VLOOKUP(A7,DATABASE!$A:$B,2,0)),"") | C7: =IFERROR(IF(A7="","",VLOOKUP(A7,DATABASE!$A:$J,10,0)),"") | D7: =IF(A7="","",TODAY()) | F7: =IFERROR(IF(OR(A7="",E7=""),"",C7-E7),"")
B8: =IFERROR(IF(A8="","",VLOOKUP(A8,DATABASE!$A:$B,2,0)),"") | C8: =IFERROR(IF(A8="","",VLOOKUP(A8,DATABASE!$A:$J,10,0)),"") | D8: =IF(A8="","",TODAY()) | F8: =IFERROR(IF(OR(A8="",E8=""),"",C8-E8),"")
B9: =IFERROR(IF(A9="","",VLOOKUP(A9,DATABASE!$A:$B,2,0)),"") | C9: =IFERROR(IF(A9="","",VLOOKUP(A9,DATABASE!$A:$J,10,0)),"") | D9: =IF(A9="","",TODAY()) | F9: =IFERROR(IF(OR(A9="",E9=""),"",C9-E9),"")
B10: =IFERROR(IF(A10="","",VLOOKUP(A10,DATABASE!$A:$B,2,0)),"") | C10: =IFERROR(IF(A10="","",VLOOKUP(A10,DATABASE!$A:$J,10,0)),"") | D10: =IF(A10="","",TODAY()) | F10: =IFERROR(IF(OR(A10="",E10=""),"",C10-E10),"")
B11: =IFERROR(IF(A11="","",VLOOKUP(A11,DATABASE!$A:$B,2,0)),"") | C11: =IFERROR(IF(A11="","",VLOOKUP(A11,DATABASE!$A:$J,10,0)),"") | D11: =IF(A11="","",TODAY()) | F11: =IFERROR(IF(OR(A11="",E11=""),"",C11-E11),"")
B12: =IFERROR(IF(A12="","",VLOOKUP(A12,DATABASE!$A:$B,2,0)),"") | C12: =IFERROR(IF(A12="","",VLOOKUP(A12,DATABASE!$A:$J,10,0)),"") | D12: =IF(A12="","",TODAY()) | F12: =IFERROR(IF(OR(A12="",E12=""),"",C12-E12),"")
B13: =IFERROR(IF(A13="","",VLOOKUP(A13,DATABASE!$A:$B,2,0)),"") | C13: =IFERROR(IF(A13="","",VLOOKUP(A13,DATABASE!$A:$J,10,0)),"") | D13: =IF(A13="","",TODAY()) | F13: =IFERROR(IF(OR(A13="",E13=""),"",C13-E13),"")
B14: =IFERROR(IF(A14="","",VLOOKUP(A14,DATABASE!$A:$B,2,0)),"") | C14: =IFERROR(IF(A14="","",VLOOKUP(A14,DATABASE!$A:$J,10,0)),"") | D14: =IF(A14="","",TODAY()) | F14: =IFERROR(IF(OR(A14="",E14=""),"",C14-E14),"")
... B2002: =IFERROR(IF(A2002="","",VLOOKUP(A2002,DATABASE!$A:$B,2,0)),"") | C2002: =IFERROR(IF(A2002="","",VLOOKUP(A2002,DATABASE!$A:$J,10,0)),"") | D2002: =IF(A2002="","",TODAY()) | F2002: =IFERROR(IF(OR(A2002="",E2002=""),"",C2002-E2002),"")

Sheet LOANS
A1: LOAN REGISTER
A2: Loan ID | B2: Account Number | C2: Customer Name | D2: Loan Amount (GHS) | E2: Request Date | F2: Purpose | G2: Interest Rate (%) | H2: Term (Months) | I2: Monthly Repayment (GHS) | J2: Status
A3: =IF(B3="","","LN"&TEXT(ROW()-2,"0000")) | C3: =IFERROR(IF(B3="","",VLOOKUP(B3,DATABASE!$A:$B,2,0)),"") | E3: =IF(B3="","",TODAY()) | I3: =IFERROR(IF(OR(D3="",G3="",H3=""),"",ABS(PMT(G3/100/12,H3,D3))),"") | J3: =IF(B3="","","Active")
A4: =IF(B4="","","LN"&TEXT(ROW()-2,"0000")) | C4: =IFERROR(IF(B4="","",VLOOKUP(B4,DATABASE!$A:$B,2,0)),"") | E4: =IF(B4="","",TODAY()) | I4: =IFERROR(IF(OR(D4="",G4="",H4=""),"",ABS(PMT(G4/100/12,H4,D4))),"") | J4: =IF(B4="","","Active")
A5: =IF(B5="","","LN"&TEXT(ROW()-2,"0000")) | C5: =IFERROR(IF(B5="","",VLOOKUP(B5,DATABASE!$A:$B,2,0)),"") | E5: =IF(B5="","",TODAY()) | I5: =IFERROR(IF(OR(D5="",G5="",H5=""),"",ABS(PMT(G5/100/12,H5,D5))),"") | J5: =IF(B5="","","Active")
A6: =IF(B6="","","LN"&TEXT(ROW()-2,"0000")) | C6: =IFERROR(IF(B6="","",VLOOKUP(B6,DATABASE!$A:$B,2,0)),"") | E6: =IF(B6="","",TODAY()) | I6: =IFERROR(IF(OR(D6="",G6="",H6=""),"",ABS(PMT(G6/100/12,H6,D6))),"") | J6: =IF(B6="","","Active")
A7: =IF(B7="","","LN"&TEXT(ROW()-2,"0000")) | C7: =IFERROR(IF(B7="","",VLOOKUP(B7,DATABASE!$A:$B,2,0)),"") | E7: =IF(B7="","",TODAY()) | I7: =IFERROR(IF(OR(D7="",G7="",H7=""),"",ABS(PMT(G7/100/12,H7,D7))),"") | J7: =IF(B7="","","Active")
A8: =IF(B8="","","LN"&TEXT(ROW()-2,"0000")) | C8: =IFERROR(IF(B8="","",VLOOKUP(B8,DATABASE!$A:$B,2,0)),"") | E8: =IF(B8="","",TODAY()) | I8: =IFERROR(IF(OR(D8="",G8="",H8=""),"",ABS(PMT(G8/100/12,H8,D8))),"") | J8: =IF(B8="","","Active")
A9: =IF(B9="","","LN"&TEXT(ROW()-2,"0000")) | C9: =IFERROR(IF(B9="","",VLOOKUP(B9,DATABASE!$A:$B,2,0)),"") | E9: =IF(B9="","",TODAY()) | I9: =IFERROR(IF(OR(D9="",G9="",H9=""),"",ABS(PMT(G9/100/12,H9,D9))),"") | J9: =IF(B9="","","Active")
A10: =IF(B10="","","LN"&TEXT(ROW()-2,"0000")) | C10: =IFERROR(IF(B10="","",VLOOKUP(B10,DATABASE!$A:$B,2,0)),"") | E10: =IF(B10="","",TODAY()) | I10: =IFERROR(IF(OR(D10="",G10="",H10=""),"",ABS(PMT(G10/100/12,H10,D10))),"") | J10: =IF(B10="","","Active")
A11: =IF(B11="","","LN"&TEXT(ROW()-2,"0000")) | C11: =IFERROR(IF(B11="","",VLOOKUP(B11,DATABASE!$A:$B,2,0)),"") | E11: =IF(B11="","",TODAY()) | I11: =IFERROR(IF(OR(D11="",G11="",H11=""),"",ABS(PMT(G11/100/12,H11,D11))),"") | J11: =IF(B11="","","Active")
A12: =IF(B12="","","LN"&TEXT(ROW()-2,"0000")) | C12: =IFERROR(IF(B12="","",VLOOKUP(B12,DATABASE!$A:$B,2,0)),"") | E12: =IF(B12="","",TODAY()) | I12: =IFERROR(IF(OR(D12="",G12="",H12=""),"",ABS(PMT(G12/100/12,H12,D12))),"") | J12: =IF(B12="","","Active")
A13: =IF(B13="","","LN"&TEXT(ROW()-2,"0000")) | C13: =IFERROR(IF(B13="","",VLOOKUP(B13,DATABASE!$A:$B,2,0)),"") | E13: =IF(B13="","",TODAY()) | I13: =IFERROR(IF(OR(D13="",G13="",H13=""),"",ABS(PMT(G13/100/12,H13,D13))),"") | J13: =IF(B13="","","Active")
A14: =IF(B14="","","LN"&TEXT(ROW()-2,"0000")) | C14: =IFERROR(IF(B14="","",VLOOKUP(B14,DATABASE!$A:$B,2,0)),"") | E14: =IF(B14="","",TODAY()) | I14: =IFERROR(IF(OR(D14="",G14="",H14=""),"",ABS(PMT(G14/100/12,H14,D14))),"") | J14: =IF(B14="","","Active")
... A1002: =IF(B1002="","","LN"&TEXT(ROW()-2,"0000")) | C1002: =IFERROR(IF(B1002="","",VLOOKUP(B1002,DATABASE!$A:$B,2,0)),"") | E1002: =IF(B1002="","",TODAY()) | I1002: =IFERROR(IF(OR(D1002="",G1002="",H1002=""),"",ABS(PMT(G1002/100/12,H1002,D1002))),"") | J1002: =IF(B1002="","","Active")

Sheet TOPUP
A1: LOAN TOP-UP REGISTER
A2: Top-Up ID | B2: Account Number | C2: Customer Name | D2: Parent Loan ID | E2: Top-Up Amount (GHS) | F2: Date | G2: Purpose / Notes | H2: Aggregated Loan Balance (GHS) | I2: Unified Monthly Repay (GHS) | J2: Status
A3: =IF(B3="","","TU"&TEXT(ROW()-2,"0000")) | C3: =IFERROR(IF(B3="","",VLOOKUP(B3,DATABASE!$A:$B,2,0)),"") | D3: =IFERROR(IF(B3="","",VLOOKUP(B3,LOANS!$B:$A,1,0)),"") | F3: =IF(B3="","",TODAY()) | H3: =IFERROR(IF(OR(B3="",E3=""),"",SUMIF(LOANS!$B:$B,B3,LOANS!$D:$D)+E3),"") | I3: =IFERROR(IF(OR(B3="",E3=""),"",SUMIF(LOANS!$B:$B,B3,LOANS!$I:$I)+ABS(PMT(IFERROR(VLOOKUP(B3,LOANS!$B:$G,6,0),12)/100/12,IFERROR(VLOOKUP(B3,LOANS!$B:$H,7,0),12),E3))),"") | J3: =IF(B3="","","Active")
A4: =IF(B4="","","TU"&TEXT(ROW()-2,"0000")) | C4: =IFERROR(IF(B4="","",VLOOKUP(B4,DATABASE!$A:$B,2,0)),"") | D4: =IFERROR(IF(B4="","",VLOOKUP(B4,LOANS!$B:$A,1,0)),"") | F4: =IF(B4="","",TODAY()) | H4: =IFERROR(IF(OR(B4="",E4=""),"",SUMIF(LOANS!$B:$B,B4,LOANS!$D:$D)+E4),"") | I4: =IFERROR(IF(OR(B4="",E4=""),"",SUMIF(LOANS!$B:$B,B4,LOANS!$I:$I)+ABS(PMT(IFERROR(VLOOKUP(B4,LOANS!$B:$G,6,0),12)/100/12,IFERROR(VLOOKUP(B4,LOANS!$B:$H,7,0),12),E4))),"") | J4: =IF(B4="","","Active")
A5: =IF(B5="","","TU"&TEXT(ROW()-2,"0000")) | C5: =IFERROR(IF(B5="","",VLOOKUP(B5,DATABASE!$A:$B,2,0)),"") | D5: =IFERROR(IF(B5="","",VLOOKUP(B5,LOANS!$B:$A,1,0)),"") | F5: =IF(B5="","",TODAY()) | H5: =IFERROR(IF(OR(B5="",E5=""),"",SUMIF(LOANS!$B:$B,B5,LOANS!$D:$D)+E5),"") | I5: =IFERROR(IF(OR(B5="",E5=""),"",SUMIF(LOANS!$B:$B,B5,LOANS!$I:$I)+ABS(PMT(IFERROR(VLOOKUP(B5,LOANS!$B:$G,6,0),12)/100/12,IFERROR(VLOOKUP(B5,LOANS!$B:$H,7,0),12),E5))),"") | J5: =IF(B5="","","Active")
A6: =IF(B6="","","TU"&TEXT(ROW()-2,"0000")) | C6: =IFERROR(IF(B6="","",VLOOKUP(B6,DATABASE!$A:$B,2,0)),"") | D6: =IFERROR(IF(B6="","",VLOOKUP(B6,LOANS!$B:$A,1,0)),"") | F6: =IF(B6="","",TODAY()) | H6: =IFERROR(IF(OR(B6="",E6=""),"",SUMIF(LOANS!$B:$B,B6,LOANS!$D:$D)+E6),"") | I6: =IFERROR(IF(OR(B6="",E6=""),"",SUMIF(LOANS!$B:$B,B6,LOANS!$I:$I)+ABS(PMT(IFERROR(VLOOKUP(B6,LOANS!$B:$G,6,0),12)/100/12,IFERROR(VLOOKUP(B6,LOANS!$B:$H,7,0),12),E6))),"") | J6: =IF(B6="","","Active")
A7: =IF(B7="","","TU"&TEXT(ROW()-2,"0000")) | C7: =IFERROR(IF(B7="","",VLOOKUP(B7,DATABASE!$A:$B,2,0)),"") | D7: =IFERROR(IF(B7="","",VLOOKUP(B7,LOANS!$B:$A,1,0)),"") | F7: =IF(B7="","",TODAY()) | H7: =IFERROR(IF(OR(B7="",E7=""),"",SUMIF(LOANS!$B:$B,B7,LOANS!$D:$D)+E7),"") | I7: =IFERROR(IF(OR(B7="",E7=""),"",SUMIF(LOANS!$B:$B,B7,LOANS!$I:$I)+ABS(PMT(IFERROR(VLOOKUP(B7,LOANS!$B:$G,6,0),12)/100/12,IFERROR(VLOOKUP(B7,LOANS!$B:$H,7,0),12),E7))),"") | J7: =IF(B7="","","Active")
A8: =IF(B8="","","TU"&TEXT(ROW()-2,"0000")) | C8: =IFERROR(IF(B8="","",VLOOKUP(B8,DATABASE!$A:$B,2,0)),"") | D8: =IFERROR(IF(B8="","",VLOOKUP(B8,LOANS!$B:$A,1,0)),"") | F8: =IF(B8="","",TODAY()) | H8: =IFERROR(IF(OR(B8="",E8=""),"",SUMIF(LOANS!$B:$B,B8,LOANS!$D:$D)+E8),"") | I8: =IFERROR(IF(OR(B8="",E8=""),"",SUMIF(LOANS!$B:$B,B8,LOANS!$I:$I)+ABS(PMT(IFERROR(VLOOKUP(B8,LOANS!$B:$G,6,0),12)/100/12,IFERROR(VLOOKUP(B8,LOANS!$B:$H,7,0),12),E8))),"") | J8: =IF(B8="","","Active")
A9: =IF(B9="","","TU"&TEXT(ROW()-2,"0000")) | C9: =IFERROR(IF(B9="","",VLOOKUP(B9,DATABASE!$A:$B,2,0)),"") | D9: =IFERROR(IF(B9="","",VLOOKUP(B9,LOANS!$B:$A,1,0)),"") | F9: =IF(B9="","",TODAY()) | H9: =IFERROR(IF(OR(B9="",E9=""),"",SUMIF(LOANS!$B:$B,B9,LOANS!$D:$D)+E9),"") | I9: =IFERROR(IF(OR(B9="",E9=""),"",SUMIF(LOANS!$B:$B,B9,LOANS!$I:$I)+ABS(PMT(IFERROR(VLOOKUP(B9,LOANS!$B:$G,6,0),12)/100/12,IFERROR(VLOOKUP(B9,LOANS!$B:$H,7,0),12),E9))),"") | J9: =IF(B9="","","Active")
A10: =IF(B10="","","TU"&TEXT(ROW()-2,"0000")) | C10: =IFERROR(IF(B10="","",VLOOKUP(B10,DATABASE!$A:$B,2,0)),"") | D10: =IFERROR(IF(B10="","",VLOOKUP(B10,LOANS!$B:$A,1,0)),"") | F10: =IF(B10="","",TODAY()) | H10: =IFERROR(IF(OR(B10="",E10=""),"",SUMIF(LOANS!$B:$B,B10,LOANS!$D:$D)+E10),"") | I10: =IFERROR(IF(OR(B10="",E10=""),"",SUMIF(LOANS!$B:$B,B10,LOANS!$I:$I)+ABS(PMT(IFERROR(VLOOKUP(B10,LOANS!$B:$G,6,0),12)/100/12,IFERROR(VLOOKUP(B10,LOANS!$B:$H,7,0),12),E10))),"") | J10: =IF(B10="","","Active")
A11: =IF(B11="","","TU"&TEXT(ROW()-2,"0000")) | C11: =IFERROR(IF(B11="","",VLOOKUP(B11,DATABASE!$A:$B,2,0)),"") | D11: =IFERROR(IF(B11="","",VLOOKUP(B11,LOANS!$B:$A,1,0)),"") | F11: =IF(B11="","",TODAY()) | H11: =IFERROR(IF(OR(B11="",E11=""),"",SUMIF(LOANS!$B:$B,B11,LOANS!$D:$D)+E11),"") | I11: =IFERROR(IF(OR(B11="",E11=""),"",SUMIF(LOANS!$B:$B,B11,LOANS!$I:$I)+ABS(PMT(IFERROR(VLOOKUP(B11,LOANS!$B:$G,6,0),12)/100/12,IFERROR(VLOOKUP(B11,LOANS!$B:$H,7,0),12),E11))),"") | J11: =IF(B11="","","Active")
A12: =IF(B12="","","TU"&TEXT(ROW()-2,"0000")) | C12: =IFERROR(IF(B12="","",VLOOKUP(B12,DATABASE!$A:$B,2,0)),"") | D12: =IFERROR(IF(B12="","",VLOOKUP(B12,LOANS!$B:$A,1,0)),"") | F12: =IF(B12="","",TODAY()) | H12: =IFERROR(IF(OR(B12="",E12=""),"",SUMIF(LOANS!$B:$B,B12,LOANS!$D:$D)+E12),"") | I12: =IFERROR(IF(OR(B12="",E12=""),"",SUMIF(LOANS!$B:$B,B12,LOANS!$I:$I)+ABS(PMT(IFERROR(VLOOKUP(B12,LOANS!$B:$G,6,0),12)/100/12,IFERROR(VLOOKUP(B12,LOANS!$B:$H,7,0),12),E12))),"") | J12: =IF(B12="","","Active")
A13: =IF(B13="","","TU"&TEXT(ROW()-2,"0000")) | C13: =IFERROR(IF(B13="","",VLOOKUP(B13,DATABASE!$A:$B,2,0)),"") | D13: =IFERROR(IF(B13="","",VLOOKUP(B13,LOANS!$B:$A,1,0)),"") | F13: =IF(B13="","",TODAY()) | H13: =IFERROR(IF(OR(B13="",E13=""),"",SUMIF(LOANS!$B:$B,B13,LOANS!$D:$D)+E13),"") | I13: =IFERROR(IF(OR(B13="",E13=""),"",SUMIF(LOANS!$B:$B,B13,LOANS!$I:$I)+ABS(PMT(IFERROR(VLOOKUP(B13,LOANS!$B:$G,6,0),12)/100/12,IFERROR(VLOOKUP(B13,LOANS!$B:$H,7,0),12),E13))),"") | J13: =IF(B13="","","Active")
A14: =IF(B14="","","TU"&TEXT(ROW()-2,"0000")) | C14: =IFERROR(IF(B14="","",VLOOKUP(B14,DATABASE!$A:$B,2,0)),"") | D14: =IFERROR(IF(B14="","",VLOOKUP(B14,LOANS!$B:$A,1,0)),"") | F14: =IF(B14="","",TODAY()) | H14: =IFERROR(IF(OR(B14="",E14=""),"",SUMIF(LOANS!$B:$B,B14,LOANS!$D:$D)+E14),"") | I14: =IFERROR(IF(OR(B14="",E14=""),"",SUMIF(LOANS!$B:$B,B14,LOANS!$I:$I)+ABS(PMT(IFERROR(VLOOKUP(B14,LOANS!$B:$G,6,0),12)/100/12,IFERROR(VLOOKUP(B14,LOANS!$B:$H,7,0),12),E14))),"") | J14: =IF(B14="","","Active")
... A502: =IF(B502="","","TU"&TEXT(ROW()-2,"0000")) | C502: =IFERROR(IF(B502="","",VLOOKUP(B502,DATABASE!$A:$B,2,0)),"") | D502: =IFERROR(IF(B502="","",VLOOKUP(B502,LOANS!$B:$A,1,0)),"") | F502: =IF(B502="","",TODAY()) | H502: =IFERROR(IF(OR(B502="",E502=""),"",SUMIF(LOANS!$B:$B,B502,LOANS!$D:$D)+E502),"") | I502: =IFERROR(IF(OR(B502="",E502=""),"",SUMIF(LOANS!$B:$B,B502,LOANS!$I:$I)+ABS(PMT(IFERROR(VLOOKUP(B502,LOANS!$B:$G,6,0),12)/100/12,IFERROR(VLOOKUP(B502,LOANS!$B:$H,7,0),12),E502))),"") | J502: =IF(B502="","","Active")

Sheet REPORTS
A1: SAMICIOUS MICROFINANCE — SUMMARY REPORTS (Auto-Refresh)
A2: ="Report generated: "&TEXT(TODAY(),"dddd d mmmm yyyy")
B4: CUSTOMER METRICS
B5: Total Registered Customers | D5: =COUNTA(DATABASE!A:A)-1
B6: Customers with Savings Activity | D6: =COUNTIF(DATABASE!I:I,">"&0)
B7: SAVINGS METRICS
B8: Total Savings Deposited (GHS) | D8: =IFERROR(SUMIF(SAVINGS!A:A,"ACC*",SAVINGS!E:E),0)
B9: Total Withdrawals (GHS) | D9: =IFERROR(SUMIF(WITHDRAWALS!A:A,"ACC*",WITHDRAWALS!E:E),0)
B10: Net Balance Across All Accounts (GHS) | D10: =D8-D9
B11: LOAN METRICS
B12: Total Loans Disbursed (GHS) | D12: =IFERROR(SUMIF(LOANS!B:B,"ACC*",LOANS!D:D),0)
B13: Number of Active Loans | D13: =IFERROR(COUNTIF(LOANS!J:J,"Active"),0)
B14: Total Top-Up Amounts (GHS) | D14: =IFERROR(SUMIF(TOPUP!B:B,"ACC*",TOPUP!E:E),0)
B15: Total Loan Portfolio (GHS) | D15: =D12+D14
B16: Number of Active Top-Ups | D16: =IFERROR(COUNTIF(TOPUP!J:J,"Active"),0)
B17: ⚡ All figures update automatically — no refresh needed.
